Space Number,Status,Partner,Speed
0,processing,0,0
1,processing,1,0
2,processing,2,0
3,processing,3,0
4,processing,4,0
5,processing,5,0
6,holding,6,0
7,processing,7,0
8,holding,8,0
9,holding,9,0
10,processing,10,0
11,holding,11,0
12,processing,12,0
13,holding,13,0
14,holding,14,0
15,holding,15,0
16,holding,16,0
17,holding,17,0
18,processing,18,0
19,holding,19,0
20,processing,20,0
21,holding,21,0
22,processing,22,0
23,processing,23,0
24,holding,24,0
25,processing,25,0
26,holding,26,0
27,holding,27,0
28,holding,28,0
29,holding,29,0
30,processing,30,0
31,holding,31,0
32,holding,32,0
33,holding,33,0
34,holding,34,0
35,processing,35,0
36,processing,36,0
37,holding,37,0
38,holding,38,0
39,processing,39,0
40,processing,40,0
41,holding,41,0
42,holding,42,0
43,holding,43,0
44,processing,44,0
45,processing,45,0
46,holding,46,0
47,holding,47,0
48,processing,48,0
49,processing,49,0
50,holding,50,0
51,holding,51,0
52,holding,52,0
53,holding,53,0
54,holding,54,0
55,holding,55,0
56,holding,56,0
57,holding,57,0
58,processing,58,0
59,holding,59,0
60,processing,60,0
61,holding,61,0
62,processing,62,0
63,holding,63,0
64,holding,64,0
65,processing,65,0
66,processing,66,0
67,holding,67,0
68,holding,68,0
69,holding,69,0
70,processing,70,0
71,holding,71,0
72,holding,72,0
73,holding,73,0
74,holding,74,0
75,holding,75,0
76,processing,76,0
77,processing,77,0
78,processing,78,0
79,processing,79,0
80,holding,80,0
81,processing,81,0
82,processing,82,0
83,processing,83,0
84,holding,84,0
85,holding,85,0
86,holding,86,0
87,holding,87,0
88,holding,88,0
89,holding,89,0
90,holding,90,0
91,holding,91,0
92,holding,92,0
93,processing,93,0
94,processing,94,0
95,holding,95,0
96,holding,96,0
97,processing,97,0
98,holding,98,0
99,holding,99,0
100,holding,100,0
101,holding,101,0
102,processing,102,0
103,processing,103,0
104,processing,104,0
105,holding,105,0
106,holding,106,0
107,holding,107,0
108,processing,108,0
109,processing,109,0
110,processing,110,0
111,processing,111,0
112,holding,112,0
113,holding,113,0
114,holding,114,0
115,holding,115,0
116,holding,116,0
117,processing,117,0
118,holding,118,0
119,holding,119,0
120,holding,120,0
121,holding,121,0
122,holding,122,0
123,holding,123,0
124,holding,124,0
125,holding,125,0
126,holding,126,0
127,holding,127,0
128,processing,128,0
129,processing,129,0
130,processing,130,0
131,holding,131,0
132,processing,132,0
133,processing,133,0
134,holding,134,0
135,processing,135,0
136,holding,136,0
137,processing,137,0
138,holding,138,0
139,holding,139,0
140,holding,140,0
141,holding,141,0
142,processing,142,0
143,holding,143,0
144,processing,144,0
145,processing,145,0
146,holding,146,0
147,holding,147,0
148,holding,148,0
149,processing,149,0
150,processing,150,0
151,processing,151,0
152,holding,152,0
153,processing,153,0
154,holding,154,0
155,holding,155,0
156,processing,156,0
157,holding,157,0
158,processing,158,0
159,holding,159,0
160,holding,160,0
161,processing,161,0
162,holding,162,0
163,holding,163,0
164,holding,164,0
165,holding,165,0
166,processing,166,0
167,processing,167,0
168,holding,168,0
169,holding,169,0
170,processing,170,0
171,holding,171,0
172,holding,172,0
173,holding,173,0
174,processing,174,0
175,processing,175,0
176,holding,176,0
177,holding,177,0
178,holding,178,0
179,processing,179,0
180,holding,180,0
181,holding,181,0
182,holding,182,0
183,holding,183,0
184,holding,184,0
185,holding,185,0
186,processing,186,0
187,processing,187,0
188,processing,188,0
189,processing,189,0
190,processing,190,0
191,processing,191,0
192,holding,192,0
193,holding,193,0
194,processing,194,0
195,holding,195,0
196,holding,196,0
197,processing,197,0
198,processing,198,0
199,holding,199,0
200,holding,200,0
201,holding,201,0
202,holding,202,0
203,holding,203,0
204,processing,204,0
205,processing,205,0
206,holding,206,0
207,processing,207,0
208,holding,208,0
209,holding,209,0
210,holding,210,0
211,holding,211,0
212,holding,212,0
213,holding,213,0
214,holding,214,0
215,holding,215,0
216,processing,216,0
217,holding,217,0
218,processing,218,0
219,holding,219,0
220,holding,220,0
221,holding,221,0
222,processing,222,0
223,holding,223,0
224,holding,224,0
225,holding,225,0
226,holding,226,0
227,holding,227,0
228,processing,228,0
229,processing,229,0
230,holding,230,0
231,holding,231,0
232,holding,232,0
233,processing,233,0
234,holding,234,0
235,processing,235,0
236,holding,236,0
237,holding,237,0
238,holding,238,0
239,holding,239,0
240,processing,240,0
241,processing,241,0
242,holding,242,0
243,holding,243,0
244,holding,244,0
245,processing,245,0
246,holding,246,0
247,holding,247,0
248,holding,248,0
249,holding,249,0
250,processing,250,0
251,holding,251,0
252,holding,252,0
253,holding,253,0
254,holding,254,0
255,processing,255,0
256,holding,256,0
257,holding,257,0
258,processing,258,0
259,holding,259,0
260,holding,260,0
261,holding,261,0
262,processing,262,0
263,processing,263,0
264,holding,264,0
265,holding,265,0
266,holding,266,0
267,processing,267,0
268,processing,268,0
269,holding,269,0
270,processing,270,0
271,holding,271,0
272,processing,272,0
273,processing,273,0
274,processing,274,0
275,holding,275,0
276,holding,276,0
277,processing,277,0
278,processing,278,0
279,holding,279,0
280,holding,280,0
281,processing,281,0
282,processing,282,0
283,holding,283,0
284,processing,284,0
285,processing,285,0
286,holding,286,0
287,processing,287,0
288,holding,288,0
289,processing,289,0
290,holding,290,0
291,processing,291,0
292,holding,292,0
293,processing,293,0
294,holding,294,0
295,holding,295,0
296,holding,296,0
297,holding,297,0
298,processing,298,0
299,processing,299,0
300,holding,300,0
301,processing,301,0
302,processing,302,0
303,processing,303,0
304,holding,304,0
305,processing,305,0
306,processing,306,0
307,holding,307,0
308,holding,308,0
309,processing,309,0
310,processing,310,0
311,holding,311,0
312,holding,312,0
313,holding,313,0
314,holding,314,0
315,processing,315,0
316,processing,316,0
317,processing,317,0
318,holding,318,0
319,processing,319,0
320,processing,320,0
321,holding,321,0
322,holding,322,0
323,processing,323,0
324,processing,324,0
325,holding,325,0
326,holding,326,0
327,holding,327,0
328,processing,328,0
329,holding,329,0
330,holding,330,0
331,holding,331,0
332,holding,332,0
333,processing,333,0
334,holding,334,0
335,holding,335,0
336,processing,336,0
337,processing,337,0
338,processing,338,0
339,holding,339,0
340,holding,340,0
341,holding,341,0
342,holding,342,0
343,holding,343,0
344,holding,344,0
345,holding,345,0
346,processing,346,0
347,holding,347,0
348,holding,348,0
349,holding,349,0
350,holding,350,0
351,holding,351,0
352,holding,352,0
353,holding,353,0
354,processing,354,0
355,processing,355,0
356,processing,356,0
357,holding,357,0
358,processing,358,0
359,holding,359,0
360,processing,360,0
361,processing,361,0
362,holding,362,0
363,holding,363,0
364,processing,364,0
365,holding,365,0
366,processing,366,0
367,processing,367,0
368,holding,368,0
369,holding,369,0
370,processing,370,0
371,processing,371,0
372,processing,372,0
373,processing,373,0
374,processing,374,0
375,processing,375,0
376,holding,376,0
377,processing,377,0
378,processing,378,0
379,holding,379,0
380,holding,380,0
381,holding,381,0
382,holding,382,0
383,processing,383,0
384,holding,384,0
385,holding,385,0
386,processing,386,0
387,processing,387,0
388,holding,388,0
389,holding,389,0
390,processing,390,0
391,processing,391,0
392,holding,392,0
393,holding,393,0
394,processing,394,0
395,holding,395,0
396,processing,396,0
397,holding,397,0
398,holding,398,0
399,holding,399,0
400,holding,400,0
401,holding,401,0
402,holding,402,0
403,holding,403,0
404,processing,404,0
405,processing,405,0
406,processing,406,0
407,processing,407,0
408,processing,408,0
409,holding,409,0
410,holding,410,0
411,holding,411,0
412,holding,412,0
413,holding,413,0
414,processing,414,0
415,processing,415,0
416,holding,416,0
417,holding,417,0
418,processing,418,0
419,processing,419,0
420,holding,420,0
421,holding,421,0
422,holding,422,0
423,holding,423,0
424,processing,424,0
425,holding,425,0
426,holding,426,0
427,holding,427,0
428,holding,428,0
429,holding,429,0
430,holding,430,0
431,holding,431,0
432,holding,432,0
433,holding,433,0
434,processing,434,0
435,holding,435,0
436,holding,436,0
437,processing,437,0
438,holding,438,0
439,processing,439,0
440,holding,440,0
441,holding,441,0
442,processing,442,0
443,processing,443,0
444,holding,444,0
445,holding,445,0
446,holding,446,0
447,processing,447,0
448,holding,448,0
449,holding,449,0
450,holding,450,0
451,holding,451,0
452,holding,452,0
453,processing,453,0
454,holding,454,0
455,holding,455,0
456,processing,456,0
457,holding,457,0
458,processing,458,0
459,processing,459,0
460,holding,460,0
461,holding,461,0
462,holding,462,0
463,holding,463,0
464,processing,464,0
465,holding,465,0
466,holding,466,0
467,processing,467,0
468,processing,468,0
469,processing,469,0
470,holding,470,0
471,holding,471,0
472,holding,472,0
473,holding,473,0
474,processing,474,0
475,processing,475,0
476,holding,476,0
477,holding,477,0
478,holding,478,0
479,processing,479,0
480,processing,480,0
481,holding,481,0
482,holding,482,0
483,holding,483,0
484,holding,484,0
485,holding,485,0
486,holding,486,0
487,holding,487,0
488,holding,488,0
489,holding,489,0
490,processing,490,0
491,holding,491,0
492,holding,492,0
493,processing,493,0
494,processing,494,0
495,holding,495,0
496,processing,496,0
497,holding,497,0
498,holding,498,0
499,processing,499,0
500,holding,500,0
501,holding,501,0
502,holding,502,0
503,holding,503,0
504,holding,504,0
505,holding,505,0
506,processing,506,0
507,processing,507,0
508,processing,508,0
509,processing,509,0
510,holding,510,0
511,holding,511,0
512,holding,512,0
513,holding,513,0
514,holding,514,0
515,processing,515,0
516,processing,516,0
517,holding,517,0
518,holding,518,0
519,holding,519,0
520,holding,520,0
521,holding,521,0
522,holding,522,0
523,holding,523,0
524,holding,524,0
525,processing,525,0
526,holding,526,0
527,processing,527,0
528,processing,528,0
529,processing,529,0
530,processing,530,0
531,holding,531,0
532,holding,532,0
533,processing,533,0
534,holding,534,0
535,processing,535,0
536,processing,536,0
537,holding,537,0
538,processing,538,0
539,processing,539,0
540,holding,540,0
541,processing,541,0
542,holding,542,0
543,processing,543,0
544,processing,544,0
545,processing,545,0
546,holding,546,0
547,holding,547,0
548,holding,548,0
549,holding,549,0
550,processing,550,0
551,holding,551,0
552,holding,552,0
553,processing,553,0
554,holding,554,0
555,processing,555,0
556,processing,556,0
557,holding,557,0
558,holding,558,0
559,holding,559,0
560,holding,560,0
561,processing,561,0
562,holding,562,0
563,holding,563,0
564,holding,564,0
565,processing,565,0
566,processing,566,0
567,processing,567,0
568,holding,568,0
569,holding,569,0
570,processing,570,0
571,holding,571,0
572,holding,572,0
573,processing,573,0
574,holding,574,0
575,holding,575,0
576,processing,576,0
577,holding,577,0
578,holding,578,0
579,processing,579,0
580,processing,580,0
581,holding,581,0
582,holding,582,0
583,holding,583,0
584,processing,584,0
585,processing,585,0
586,holding,586,0
587,processing,587,0
588,holding,588,0
589,processing,589,0
590,processing,590,0
591,processing,591,0
592,processing,592,0
593,holding,593,0
594,holding,594,0
595,processing,595,0
596,holding,596,0
597,holding,597,0
598,holding,598,0
599,holding,599,0
600,holding,600,0
601,holding,601,0
602,holding,602,0
603,holding,603,0
604,holding,604,0
605,holding,605,0
606,processing,606,0
607,processing,607,0
608,holding,608,0
609,processing,609,0
610,processing,610,0
611,holding,611,0
612,holding,612,0
613,processing,613,0
614,holding,614,0
615,processing,615,0
616,holding,616,0
617,processing,617,0
618,holding,618,0
619,processing,619,0
620,processing,620,0
621,holding,621,0
622,holding,622,0
623,processing,623,0
624,processing,624,0
625,processing,625,0
626,holding,626,0
627,holding,627,0
628,processing,628,0
629,holding,629,0
630,processing,630,0
631,holding,631,0
632,processing,632,0
633,processing,633,0
634,holding,634,0
635,holding,635,0
636,processing,636,0
637,holding,637,0
638,holding,638,0
639,processing,639,0
640,holding,640,0
641,holding,641,0
642,holding,642,0
643,processing,643,0
644,holding,644,0
645,processing,645,0
646,holding,646,0
647,processing,647,0
648,processing,648,0
649,processing,649,0
650,holding,650,0
651,processing,651,0
652,processing,652,0
653,processing,653,0
654,holding,654,0
655,holding,655,0
656,holding,656,0
657,holding,657,0
658,holding,658,0
659,holding,659,0
660,holding,660,0
661,holding,661,0
662,processing,662,0
663,processing,663,0
664,holding,664,0
665,holding,665,0
666,holding,666,0
667,holding,667,0
668,holding,668,0
669,holding,669,0
670,processing,670,0
671,processing,671,0
672,processing,672,0
673,holding,673,0
674,holding,674,0
675,processing,675,0
676,holding,676,0
677,holding,677,0
678,holding,678,0
679,processing,679,0
680,processing,680,0
681,holding,681,0
682,holding,682,0
683,holding,683,0
684,processing,684,0
685,holding,685,0
686,processing,686,0
687,holding,687,0
688,holding,688,0
689,holding,689,0
690,holding,690,0
691,holding,691,0
692,holding,692,0
693,holding,693,0
694,processing,694,0
695,processing,695,0
696,processing,696,0
697,processing,697,0
698,processing,698,0
699,processing,699,0
700,holding,700,0
701,holding,701,0
702,holding,702,0
703,holding,703,0
704,holding,704,0
705,holding,705,0
706,processing,706,0
707,holding,707,0
708,holding,708,0
709,processing,709,0
710,holding,710,0
711,processing,711,0
712,holding,712,0
713,processing,713,0
714,holding,714,0
715,processing,715,0
716,holding,716,0
717,holding,717,0
718,holding,718,0
719,holding,719,0
720,holding,720,0
721,processing,721,0
722,processing,722,0
723,holding,723,0
724,processing,724,0
725,processing,725,0
726,processing,726,0
727,processing,727,0
728,processing,728,0
729,holding,729,0
730,holding,730,0
731,processing,731,0
732,holding,732,0
733,holding,733,0
734,holding,734,0
735,holding,735,0
736,holding,736,0
737,processing,737,0
738,processing,738,0
739,holding,739,0
740,processing,740,0
741,holding,741,0
742,processing,742,0
743,holding,743,0
744,holding,744,0
745,processing,745,0
746,holding,746,0
747,processing,747,0
748,holding,748,0
749,processing,749,0
750,holding,750,0
751,processing,751,0
752,holding,752,0
753,processing,753,0
754,holding,754,0
755,holding,755,0
756,holding,756,0
757,holding,757,0
758,holding,758,0
759,holding,759,0
760,holding,760,0
761,processing,761,0
762,holding,762,0
763,processing,763,0
764,holding,764,0
765,processing,765,0
766,holding,766,0
767,holding,767,0
768,holding,768,0
769,processing,769,0
770,processing,770,0
771,holding,771,0
772,holding,772,0
773,holding,773,0
774,holding,774,0
775,holding,775,0
776,processing,776,0
777,processing,777,0
778,holding,778,0
779,processing,779,0
780,holding,780,0
781,holding,781,0
782,processing,782,0
783,processing,783,0
784,processing,784,0
785,holding,785,0
786,processing,786,0
787,processing,787,0
788,holding,788,0
789,holding,789,0
790,holding,790,0
791,holding,791,0
792,processing,792,0
793,holding,793,0
794,processing,794,0
795,processing,795,0
796,holding,796,0
797,holding,797,0
798,holding,798,0
799,processing,799,0
800,holding,800,0
801,holding,801,0
802,holding,802,0
803,holding,803,0
804,holding,804,0
805,holding,805,0
806,holding,806,0
807,holding,807,0
808,processing,808,0
809,holding,809,0
810,holding,810,0
811,processing,811,0
812,holding,812,0
813,holding,813,0
814,holding,814,0
815,processing,815,0
816,processing,816,0
817,holding,817,0
818,processing,818,0
819,holding,819,0
820,holding,820,0
821,processing,821,0
822,holding,822,0
823,processing,823,0
824,holding,824,0
825,holding,825,0
826,holding,826,0
827,holding,827,0
828,processing,828,0
829,holding,829,0
830,processing,830,0
831,holding,831,0
832,holding,832,0
833,holding,833,0
834,processing,834,0
835,holding,835,0
836,holding,836,0
837,processing,837,0
838,processing,838,0
839,holding,839,0
840,processing,840,0
841,holding,841,0
842,holding,842,0
843,processing,843,0
844,processing,844,0
845,holding,845,0
846,holding,846,0
847,processing,847,0
848,holding,848,0
849,holding,849,0
850,processing,850,0
851,holding,851,0
852,processing,852,0
853,processing,853,0
854,processing,854,0
855,processing,855,0
856,holding,856,0
857,processing,857,0
858,holding,858,0
859,holding,859,0
860,holding,860,0
861,holding,861,0
862,holding,862,0
863,processing,863,0
864,processing,864,0
865,processing,865,0
866,holding,866,0
867,holding,867,0
868,processing,868,0
869,holding,869,0
870,processing,870,0
871,holding,871,0
872,holding,872,0
873,processing,873,0
874,processing,874,0
875,processing,875,0
876,holding,876,0
877,holding,877,0
878,processing,878,0
879,holding,879,0
880,holding,880,0
881,processing,881,0
882,holding,882,0
883,holding,883,0
884,holding,884,0
885,holding,885,0
886,processing,886,0
887,processing,887,0
888,processing,888,0
889,processing,889,0
890,holding,890,0
891,holding,891,0
892,holding,892,0
893,holding,893,0
894,holding,894,0
895,holding,895,0
896,holding,896,0
897,holding,897,0
898,processing,898,0
899,processing,899,0
900,processing,900,0
901,processing,901,0
902,holding,902,0
903,holding,903,0
904,processing,904,0
905,processing,905,0
906,holding,906,0
907,processing,907,0
908,holding,908,0
909,holding,909,0
910,holding,910,0
911,processing,911,0
912,holding,912,0
913,holding,913,0
914,processing,914,0
915,holding,915,0
916,processing,916,0
917,processing,917,0
918,processing,918,0
919,holding,919,0
920,holding,920,0
921,holding,921,0
922,processing,922,0
923,processing,923,0
924,holding,924,0
925,holding,925,0
926,processing,926,0
927,holding,927,0
928,holding,928,0
929,processing,929,0
930,holding,930,0
931,holding,931,0
932,processing,932,0
933,holding,933,0
934,holding,934,0
935,holding,935,0
936,processing,936,0
937,processing,937,0
938,holding,938,0
939,holding,939,0
940,holding,940,0
941,holding,941,0
942,holding,942,0
943,holding,943,0
944,holding,944,0
945,holding,945,0
946,processing,946,0
947,processing,947,0
948,processing,948,0
949,processing,949,0
950,holding,950,0
951,processing,951,0
952,processing,952,0
953,holding,953,0
954,holding,954,0
955,processing,955,0
956,holding,956,0
957,holding,957,0
958,holding,958,0
959,holding,959,0
960,processing,960,0
961,holding,961,0
962,holding,962,0
963,holding,963,0
964,processing,964,0
965,holding,965,0
966,processing,966,0
967,processing,967,0
968,processing,968,0
969,processing,969,0
970,holding,970,0
971,holding,971,0
972,holding,972,0
973,processing,973,0
974,holding,974,0
975,holding,975,0
976,holding,976,0
977,processing,977,0
978,processing,978,0
979,holding,979,0
980,processing,980,0
981,holding,981,0
982,processing,982,0
983,holding,983,0
984,holding,984,0
985,processing,985,0
986,holding,986,0
987,holding,987,0
988,processing,988,0
989,processing,989,0
990,holding,990,0
991,holding,991,0
992,processing,992,0
993,processing,993,0
994,processing,994,0
995,holding,995,0
996,holding,996,0
997,holding,997,0
998,holding,998,0
999,processing,999,0
1000,holding,1000,0
1001,processing,1001,0
1002,holding,1002,0
1003,holding,1003,0
1004,holding,1004,0
1005,holding,1005,0
1006,holding,1006,0
1007,holding,1007,0
1008,holding,1008,0
1009,processing,1009,0
1010,processing,1010,0
1011,holding,1011,0
1012,processing,1012,0
1013,holding,1013,0
1014,holding,1014,0
1015,holding,1015,0
1016,holding,1016,0
1017,processing,1017,0
1018,holding,1018,0
1019,processing,1019,0
1020,holding,1020,0
1021,processing,1021,0
1022,holding,1022,0
1023,processing,1023,0
1024,processing,1024,0
1025,holding,1025,0
1026,holding,1026,0
1027,holding,1027,0
1028,holding,1028,0
1029,holding,1029,0
1030,holding,1030,0
1031,holding,1031,0
1032,holding,1032,0
1033,holding,1033,0
1034,holding,1034,0
1035,holding,1035,0
1036,processing,1036,0
1037,holding,1037,0
1038,holding,1038,0
1039,processing,1039,0
1040,holding,1040,0
1041,holding,1041,0
1042,holding,1042,0
1043,holding,1043,0
1044,processing,1044,0
1045,holding,1045,0
1046,processing,1046,0
1047,processing,1047,0
1048,holding,1048,0
1049,holding,1049,0
1050,holding,1050,0
1051,holding,1051,0
1052,holding,1052,0
1053,holding,1053,0
1054,holding,1054,0
1055,holding,1055,0
1056,processing,1056,0
1057,processing,1057,0
1058,holding,1058,0
1059,processing,1059,0
1060,holding,1060,0
1061,holding,1061,0
1062,processing,1062,0
1063,holding,1063,0
1064,processing,1064,0
1065,holding,1065,0
1066,holding,1066,0
1067,processing,1067,0
1068,processing,1068,0
1069,holding,1069,0
1070,holding,1070,0
1071,holding,1071,0
1072,holding,1072,0
1073,processing,1073,0
1074,holding,1074,0
1075,holding,1075,0
1076,processing,1076,0
1077,processing,1077,0
1078,processing,1078,0
1079,processing,1079,0
1080,holding,1080,0
1081,holding,1081,0
1082,processing,1082,0
1083,holding,1083,0
1084,holding,1084,0
1085,processing,1085,0
1086,holding,1086,0
1087,holding,1087,0
1088,holding,1088,0
1089,processing,1089,0
1090,processing,1090,0
1091,holding,1091,0
1092,processing,1092,0
1093,holding,1093,0
1094,holding,1094,0
1095,processing,1095,0
1096,holding,1096,0
1097,processing,1097,0
1098,holding,1098,0
1099,holding,1099,0
1100,holding,1100,0
1101,holding,1101,0
1102,processing,1102,0
1103,processing,1103,0
1104,processing,1104,0
1105,processing,1105,0
1106,processing,1106,0
1107,processing,1107,0
1108,holding,1108,0
1109,holding,1109,0
1110,processing,1110,0
1111,processing,1111,0
1112,holding,1112,0
1113,holding,1113,0
1114,processing,1114,0
1115,processing,1115,0
1116,holding,1116,0
1117,processing,1117,0
1118,processing,1118,0
1119,holding,1119,0
1120,holding,1120,0
1121,processing,1121,0
1122,holding,1122,0
1123,holding,1123,0
1124,processing,1124,0
1125,processing,1125,0
1126,holding,1126,0
1127,holding,1127,0
1128,holding,1128,0
1129,processing,1129,0
1130,processing,1130,0
1131,processing,1131,0
1132,holding,1132,0
1133,processing,1133,0
1134,holding,1134,0
1135,holding,1135,0
1136,holding,1136,0
1137,processing,1137,0
1138,holding,1138,0
1139,processing,1139,0
1140,holding,1140,0
1141,holding,1141,0
1142,processing,1142,0
1143,holding,1143,0
1144,holding,1144,0
1145,processing,1145,0
1146,holding,1146,0
1147,processing,1147,0
1148,holding,1148,0
1149,processing,1149,0
1150,processing,1150,0
1151,holding,1151,0
1152,holding,1152,0
1153,processing,1153,0
1154,holding,1154,0
1155,processing,1155,0
1156,holding,1156,0
1157,holding,1157,0
1158,holding,1158,0
1159,holding,1159,0
1160,holding,1160,0
1161,processing,1161,0
1162,holding,1162,0
1163,processing,1163,0
1164,processing,1164,0
1165,holding,1165,0
1166,holding,1166,0
1167,processing,1167,0
1168,holding,1168,0
1169,processing,1169,0
1170,holding,1170,0
1171,holding,1171,0
1172,holding,1172,0
1173,holding,1173,0
1174,holding,1174,0
1175,holding,1175,0
1176,holding,1176,0
1177,holding,1177,0
1178,holding,1178,0
1179,holding,1179,0
1180,holding,1180,0
1181,processing,1181,0
1182,processing,1182,0
1183,holding,1183,0
1184,holding,1184,0
1185,processing,1185,0
1186,processing,1186,0
1187,processing,1187,0
1188,holding,1188,0
1189,holding,1189,0
1190,processing,1190,0
1191,processing,1191,0
1192,holding,1192,0
1193,processing,1193,0
1194,processing,1194,0
1195,processing,1195,0
1196,processing,1196,0
1197,holding,1197,0
1198,processing,1198,0
1199,processing,1199,0
1200,holding,1200,0
1201,processing,1201,0
1202,processing,1202,0
1203,processing,1203,0
1204,processing,1204,0
1205,holding,1205,0
1206,processing,1206,0
1207,holding,1207,0
1208,holding,1208,0
1209,holding,1209,0
1210,holding,1210,0
1211,holding,1211,0
1212,processing,1212,0
1213,holding,1213,0
1214,processing,1214,0
1215,holding,1215,0
1216,processing,1216,0
1217,holding,1217,0
1218,holding,1218,0
1219,processing,1219,0
1220,holding,1220,0
1221,processing,1221,0
1222,holding,1222,0
1223,holding,1223,0
1224,processing,1224,0
1225,holding,1225,0
1226,holding,1226,0
1227,holding,1227,0
1228,holding,1228,0
1229,processing,1229,0
1230,holding,1230,0
1231,holding,1231,0
1232,holding,1232,0
1233,holding,1233,0
1234,holding,1234,0
1235,holding,1235,0
1236,processing,1236,0
1237,processing,1237,0
1238,processing,1238,0
1239,processing,1239,0
1240,holding,1240,0
1241,processing,1241,0
1242,holding,1242,0
1243,holding,1243,0
1244,processing,1244,0
1245,holding,1245,0
1246,holding,1246,0
1247,processing,1247,0
1248,processing,1248,0
1249,processing,1249,0
1250,holding,1250,0
1251,holding,1251,0
1252,processing,1252,0
1253,processing,1253,0
1254,holding,1254,0
1255,processing,1255,0
1256,processing,1256,0
1257,holding,1257,0
1258,holding,1258,0
1259,holding,1259,0
1260,holding,1260,0
1261,holding,1261,0
1262,processing,1262,0
1263,holding,1263,0
1264,holding,1264,0
1265,processing,1265,0
1266,holding,1266,0
1267,holding,1267,0
1268,holding,1268,0
1269,processing,1269,0
1270,holding,1270,0
1271,processing,1271,0
1272,processing,1272,0
1273,processing,1273,0
1274,processing,1274,0
1275,holding,1275,0
1276,processing,1276,0
1277,processing,1277,0
1278,processing,1278,0
1279,holding,1279,0
1280,holding,1280,0
1281,holding,1281,0
1282,processing,1282,0
1283,holding,1283,0
1284,processing,1284,0
1285,holding,1285,0
1286,processing,1286,0
1287,processing,1287,0
1288,holding,1288,0
1289,processing,1289,0
1290,holding,1290,0
1291,holding,1291,0
1292,holding,1292,0
1293,holding,1293,0
1294,holding,1294,0
1295,holding,1295,0
1296,processing,1296,0
1297,processing,1297,0
1298,processing,1298,0
1299,holding,1299,0
1300,holding,1300,0
1301,holding,1301,0
1302,holding,1302,0
1303,processing,1303,0
1304,processing,1304,0
1305,holding,1305,0
1306,holding,1306,0
1307,processing,1307,0
1308,holding,1308,0
1309,holding,1309,0
1310,processing,1310,0
1311,processing,1311,0
1312,processing,1312,0
1313,holding,1313,0
1314,processing,1314,0
1315,holding,1315,0
1316,processing,1316,0
1317,holding,1317,0
1318,holding,1318,0
1319,holding,1319,0
1320,processing,1320,0
1321,holding,1321,0
1322,holding,1322,0
1323,processing,1323,0
1324,processing,1324,0
1325,holding,1325,0
1326,processing,1326,0
1327,holding,1327,0
1328,holding,1328,0
1329,holding,1329,0
1330,processing,1330,0
1331,processing,1331,0
1332,holding,1332,0
1333,processing,1333,0
1334,holding,1334,0
1335,processing,1335,0
1336,holding,1336,0
1337,holding,1337,0
1338,holding,1338,0
1339,holding,1339,0
1340,holding,1340,0
1341,holding,1341,0
1342,processing,1342,0
1343,holding,1343,0
1344,processing,1344,0
1345,holding,1345,0
1346,holding,1346,0
1347,holding,1347,0
1348,holding,1348,0
1349,holding,1349,0
1350,holding,1350,0
1351,holding,1351,0
1352,holding,1352,0
1353,holding,1353,0
1354,holding,1354,0
1355,processing,1355,0
1356,holding,1356,0
1357,holding,1357,0
1358,processing,1358,0
1359,processing,1359,0
1360,processing,1360,0
1361,holding,1361,0
1362,holding,1362,0
1363,processing,1363,0
1364,holding,1364,0
1365,processing,1365,0
1366,holding,1366,0
1367,processing,1367,0
1368,processing,1368,0
1369,processing,1369,0
1370,holding,1370,0
1371,holding,1371,0
1372,processing,1372,0
1373,holding,1373,0
1374,processing,1374,0
1375,processing,1375,0
1376,holding,1376,0
1377,holding,1377,0
1378,holding,1378,0
1379,holding,1379,0
1380,holding,1380,0
1381,holding,1381,0
1382,processing,1382,0
1383,processing,1383,0
1384,holding,1384,0
1385,processing,1385,0
1386,processing,1386,0
1387,processing,1387,0
1388,processing,1388,0
1389,processing,1389,0
1390,holding,1390,0
1391,holding,1391,0
1392,holding,1392,0
1393,holding,1393,0
1394,holding,1394,0
1395,processing,1395,0
1396,processing,1396,0
1397,holding,1397,0
1398,holding,1398,0
1399,holding,1399,0
1400,holding,1400,0
1401,processing,1401,0
1402,processing,1402,0
1403,holding,1403,0
1404,holding,1404,0
1405,holding,1405,0
1406,processing,1406,0
1407,holding,1407,0
1408,processing,1408,0
1409,processing,1409,0
1410,holding,1410,0
1411,holding,1411,0
1412,processing,1412,0
1413,holding,1413,0
1414,processing,1414,0
1415,processing,1415,0
1416,holding,1416,0
1417,processing,1417,0
1418,holding,1418,0
1419,holding,1419,0
1420,processing,1420,0
1421,processing,1421,0
1422,holding,1422,0
1423,processing,1423,0
1424,holding,1424,0
1425,holding,1425,0
1426,holding,1426,0
1427,processing,1427,0
1428,processing,1428,0
1429,holding,1429,0
1430,holding,1430,0
1431,holding,1431,0
1432,processing,1432,0
1433,holding,1433,0
1434,holding,1434,0
1435,holding,1435,0
1436,processing,1436,0
1437,holding,1437,0
1438,processing,1438,0
1439,processing,1439,0
1440,processing,1440,0
1441,holding,1441,0
1442,holding,1442,0
1443,holding,1443,0
1444,holding,1444,0
1445,processing,1445,0
1446,holding,1446,0
1447,holding,1447,0
1448,holding,1448,0
1449,holding,1449,0
1450,holding,1450,0
1451,holding,1451,0
1452,holding,1452,0
1453,processing,1453,0
1454,holding,1454,0
1455,holding,1455,0
1456,processing,1456,0
1457,holding,1457,0
1458,holding,1458,0
1459,processing,1459,0
1460,processing,1460,0
1461,processing,1461,0
1462,holding,1462,0
1463,holding,1463,0
1464,processing,1464,0
1465,holding,1465,0
1466,holding,1466,0
1467,holding,1467,0
1468,holding,1468,0
1469,processing,1469,0
1470,processing,1470,0
1471,processing,1471,0
1472,processing,1472,0
1473,processing,1473,0
1474,processing,1474,0
1475,holding,1475,0
1476,processing,1476,0
1477,processing,1477,0
1478,holding,1478,0
1479,processing,1479,0
1480,processing,1480,0
1481,processing,1481,0
1482,holding,1482,0
1483,holding,1483,0
1484,processing,1484,0
1485,processing,1485,0
1486,holding,1486,0
1487,holding,1487,0
1488,holding,1488,0
1489,holding,1489,0
1490,processing,1490,0
1491,processing,1491,0
1492,processing,1492,0
1493,processing,1493,0
1494,processing,1494,0
1495,holding,1495,0
1496,holding,1496,0
1497,holding,1497,0
1498,holding,1498,0
1499,holding,1499,0
1500,holding,1500,0
1501,holding,1501,0
1502,processing,1502,0
1503,processing,1503,0
1504,holding,1504,0
1505,holding,1505,0
1506,processing,1506,0
1507,holding,1507,0
1508,holding,1508,0
1509,processing,1509,0
1510,processing,1510,0
1511,holding,1511,0
1512,holding,1512,0
1513,holding,1513,0
1514,processing,1514,0
1515,holding,1515,0
1516,processing,1516,0
1517,holding,1517,0
1518,holding,1518,0
1519,holding,1519,0
1520,processing,1520,0
1521,holding,1521,0
1522,processing,1522,0
1523,holding,1523,0
1524,processing,1524,0
1525,holding,1525,0
1526,holding,1526,0
1527,holding,1527,0
1528,processing,1528,0
1529,processing,1529,0
1530,holding,1530,0
1531,processing,1531,0
1532,holding,1532,0
1533,processing,1533,0
1534,holding,1534,0
1535,holding,1535,0
1536,processing,1536,0
1537,processing,1537,0
1538,holding,1538,0
1539,holding,1539,0
1540,holding,1540,0
1541,processing,1541,0
1542,holding,1542,0
1543,processing,1543,0
1544,holding,1544,0
1545,holding,1545,0
1546,holding,1546,0
1547,processing,1547,0
1548,holding,1548,0
1549,holding,1549,0
1550,processing,1550,0
1551,processing,1551,0
1552,holding,1552,0
1553,holding,1553,0
1554,processing,1554,0
1555,holding,1555,0
1556,processing,1556,0
1557,holding,1557,0
1558,holding,1558,0
1559,processing,1559,0
1560,processing,1560,0
1561,processing,1561,0
1562,holding,1562,0
1563,holding,1563,0
1564,processing,1564,0
1565,processing,1565,0
1566,holding,1566,0
1567,holding,1567,0
1568,processing,1568,0
1569,holding,1569,0
1570,processing,1570,0
1571,holding,1571,0
1572,processing,1572,0
1573,holding,1573,0
1574,processing,1574,0
1575,holding,1575,0
1576,holding,1576,0
1577,holding,1577,0
1578,holding,1578,0
1579,holding,1579,0
1580,processing,1580,0
1581,processing,1581,0
1582,processing,1582,0
1583,processing,1583,0
1584,holding,1584,0
1585,processing,1585,0
1586,processing,1586,0
1587,holding,1587,0
1588,holding,1588,0
1589,processing,1589,0
1590,holding,1590,0
1591,processing,1591,0
1592,holding,1592,0
1593,holding,1593,0
1594,holding,1594,0
1595,processing,1595,0
1596,processing,1596,0
1597,holding,1597,0
1598,processing,1598,0
1599,holding,1599,0
1600,processing,1600,0
1601,holding,1601,0
1602,holding,1602,0
1603,holding,1603,0
1604,holding,1604,0
1605,processing,1605,0
1606,processing,1606,0
1607,holding,1607,0
1608,holding,1608,0
1609,holding,1609,0
1610,processing,1610,0
1611,holding,1611,0
1612,processing,1612,0
1613,holding,1613,0
1614,processing,1614,0
1615,processing,1615,0
1616,processing,1616,0
1617,processing,1617,0
1618,holding,1618,0
1619,holding,1619,0
1620,holding,1620,0
1621,holding,1621,0
1622,holding,1622,0
1623,holding,1623,0
1624,processing,1624,0
1625,processing,1625,0
1626,holding,1626,0
1627,holding,1627,0
1628,holding,1628,0
1629,holding,1629,0
1630,holding,1630,0
1631,processing,1631,0
1632,processing,1632,0
1633,processing,1633,0
1634,processing,1634,0
1635,processing,1635,0
1636,holding,1636,0
1637,processing,1637,0
1638,processing,1638,0
1639,holding,1639,0
1640,holding,1640,0
1641,holding,1641,0
1642,processing,1642,0
1643,processing,1643,0
1644,holding,1644,0
1645,holding,1645,0
1646,holding,1646,0
1647,holding,1647,0
1648,processing,1648,0
1649,holding,1649,0
1650,holding,1650,0
1651,holding,1651,0
1652,processing,1652,0
1653,processing,1653,0
1654,holding,1654,0
1655,holding,1655,0
1656,holding,1656,0
1657,processing,1657,0
1658,holding,1658,0
1659,processing,1659,0
1660,holding,1660,0
1661,holding,1661,0
1662,holding,1662,0
1663,holding,1663,0
1664,processing,1664,0
1665,holding,1665,0
1666,holding,1666,0
1667,processing,1667,0
1668,holding,1668,0
1669,holding,1669,0
1670,holding,1670,0
1671,holding,1671,0
1672,holding,1672,0
1673,processing,1673,0
1674,holding,1674,0
1675,holding,1675,0
1676,holding,1676,0
1677,holding,1677,0
1678,processing,1678,0
1679,holding,1679,0
1680,processing,1680,0
1681,processing,1681,0
1682,holding,1682,0
1683,holding,1683,0
1684,holding,1684,0
1685,processing,1685,0
1686,holding,1686,0
1687,holding,1687,0
1688,holding,1688,0
1689,holding,1689,0
1690,holding,1690,0
1691,holding,1691,0
1692,holding,1692,0
1693,processing,1693,0
1694,holding,1694,0
1695,holding,1695,0
1696,processing,1696,0
1697,holding,1697,0
1698,processing,1698,0
1699,processing,1699,0
1700,holding,1700,0
1701,processing,1701,0
1702,holding,1702,0
1703,holding,1703,0
1704,holding,1704,0
1705,processing,1705,0
1706,processing,1706,0
1707,processing,1707,0
1708,holding,1708,0
1709,processing,1709,0
1710,holding,1710,0
1711,processing,1711,0
1712,processing,1712,0
1713,holding,1713,0
1714,holding,1714,0
1715,processing,1715,0
1716,holding,1716,0
1717,processing,1717,0
1718,holding,1718,0
1719,holding,1719,0
1720,holding,1720,0
1721,holding,1721,0
1722,holding,1722,0
1723,processing,1723,0
1724,holding,1724,0
1725,holding,1725,0
1726,processing,1726,0
1727,processing,1727,0
1728,processing,1728,0
1729,holding,1729,0
1730,holding,1730,0
1731,holding,1731,0
1732,holding,1732,0
1733,holding,1733,0
1734,holding,1734,0
1735,holding,1735,0
1736,holding,1736,0
1737,holding,1737,0
1738,holding,1738,0
1739,processing,1739,0
1740,processing,1740,0
1741,holding,1741,0
1742,holding,1742,0
1743,holding,1743,0
1744,processing,1744,0
1745,processing,1745,0
1746,processing,1746,0
1747,processing,1747,0
1748,processing,1748,0
1749,holding,1749,0
1750,processing,1750,0
1751,holding,1751,0
1752,processing,1752,0
1753,holding,1753,0
1754,holding,1754,0
1755,holding,1755,0
1756,holding,1756,0
1757,holding,1757,0
1758,holding,1758,0
1759,processing,1759,0
1760,processing,1760,0
1761,processing,1761,0
1762,holding,1762,0
1763,processing,1763,0
1764,holding,1764,0
1765,holding,1765,0
1766,holding,1766,0
1767,holding,1767,0
1768,holding,1768,0
1769,holding,1769,0
1770,processing,1770,0
1771,holding,1771,0
1772,holding,1772,0
1773,holding,1773,0
1774,holding,1774,0
1775,processing,1775,0
1776,holding,1776,0
1777,holding,1777,0
1778,holding,1778,0
1779,holding,1779,0
1780,holding,1780,0
1781,processing,1781,0
1782,holding,1782,0
1783,holding,1783,0
1784,holding,1784,0
1785,processing,1785,0
1786,processing,1786,0
1787,processing,1787,0
1788,holding,1788,0
1789,processing,1789,0
1790,holding,1790,0
1791,holding,1791,0
1792,processing,1792,0
1793,holding,1793,0
1794,processing,1794,0
1795,holding,1795,0
1796,holding,1796,0
1797,processing,1797,0
1798,holding,1798,0
1799,holding,1799,0
1800,holding,1800,0
1801,holding,1801,0
1802,holding,1802,0
1803,processing,1803,0
1804,processing,1804,0
1805,processing,1805,0
1806,holding,1806,0
1807,holding,1807,0
1808,processing,1808,0
1809,holding,1809,0
1810,processing,1810,0
1811,holding,1811,0
1812,processing,1812,0
1813,holding,1813,0
1814,processing,1814,0
1815,processing,1815,0
1816,holding,1816,0
1817,processing,1817,0
1818,processing,1818,0
1819,holding,1819,0
1820,holding,1820,0
1821,holding,1821,0
1822,holding,1822,0
1823,processing,1823,0
1824,holding,1824,0
1825,holding,1825,0
1826,holding,1826,0
1827,processing,1827,0
1828,holding,1828,0
1829,holding,1829,0
1830,holding,1830,0
1831,holding,1831,0
1832,processing,1832,0
1833,processing,1833,0
1834,processing,1834,0
1835,holding,1835,0
1836,holding,1836,0
1837,holding,1837,0
1838,holding,1838,0
1839,holding,1839,0
1840,processing,1840,0
1841,processing,1841,0
1842,processing,1842,0
1843,holding,1843,0
1844,holding,1844,0
1845,holding,1845,0
1846,holding,1846,0
1847,holding,1847,0
1848,processing,1848,0
1849,processing,1849,0
1850,processing,1850,0
1851,holding,1851,0
1852,processing,1852,0
1853,holding,1853,0
1854,holding,1854,0
1855,holding,1855,0
1856,processing,1856,0
1857,holding,1857,0
1858,processing,1858,0
1859,holding,1859,0
1860,processing,1860,0
1861,holding,1861,0
1862,holding,1862,0
1863,holding,1863,0
1864,holding,1864,0
1865,processing,1865,0
1866,processing,1866,0
1867,processing,1867,0
1868,processing,1868,0
1869,holding,1869,0
1870,holding,1870,0
1871,processing,1871,0
1872,holding,1872,0
1873,holding,1873,0
1874,processing,1874,0
1875,processing,1875,0
1876,processing,1876,0
1877,holding,1877,0
1878,holding,1878,0
1879,holding,1879,0
1880,holding,1880,0
1881,processing,1881,0
1882,processing,1882,0
1883,processing,1883,0
1884,holding,1884,0
1885,holding,1885,0
1886,holding,1886,0
1887,holding,1887,0
1888,holding,1888,0
1889,holding,1889,0
1890,processing,1890,0
1891,holding,1891,0
1892,processing,1892,0
1893,holding,1893,0
1894,processing,1894,0
1895,holding,1895,0
1896,holding,1896,0
1897,holding,1897,0
1898,holding,1898,0
1899,holding,1899,0
1900,holding,1900,0
1901,processing,1901,0
1902,holding,1902,0
1903,processing,1903,0
1904,holding,1904,0
1905,holding,1905,0
1906,processing,1906,0
1907,processing,1907,0
1908,holding,1908,0
1909,holding,1909,0
1910,holding,1910,0
1911,processing,1911,0
1912,holding,1912,0
1913,holding,1913,0
1914,processing,1914,0
1915,processing,1915,0
1916,holding,1916,0
1917,processing,1917,0
1918,holding,1918,0
1919,processing,1919,0
1920,processing,1920,0
1921,processing,1921,0
1922,processing,1922,0
1923,processing,1923,0
1924,holding,1924,0
1925,holding,1925,0
1926,processing,1926,0
1927,processing,1927,0
1928,holding,1928,0
1929,processing,1929,0
1930,processing,1930,0
1931,holding,1931,0
1932,processing,1932,0
1933,processing,1933,0
1934,holding,1934,0
1935,holding,1935,0
1936,processing,1936,0
1937,holding,1937,0
1938,holding,1938,0
1939,holding,1939,0
1940,holding,1940,0
1941,processing,1941,0
1942,holding,1942,0
1943,holding,1943,0
1944,holding,1944,0
1945,processing,1945,0
1946,holding,1946,0
1947,processing,1947,0
1948,holding,1948,0
1949,processing,1949,0
1950,holding,1950,0
1951,processing,1951,0
1952,holding,1952,0
1953,holding,1953,0
1954,holding,1954,0
1955,holding,1955,0
1956,holding,1956,0
1957,holding,1957,0
1958,processing,1958,0
1959,holding,1959,0
1960,holding,1960,0
1961,holding,1961,0
1962,processing,1962,0
1963,holding,1963,0
1964,holding,1964,0
1965,holding,1965,0
1966,processing,1966,0
1967,holding,1967,0
1968,processing,1968,0
1969,processing,1969,0
1970,holding,1970,0
1971,holding,1971,0
1972,holding,1972,0
1973,processing,1973,0
1974,processing,1974,0
1975,holding,1975,0
1976,holding,1976,0
1977,holding,1977,0
1978,processing,1978,0
1979,holding,1979,0
1980,holding,1980,0
1981,holding,1981,0
1982,holding,1982,0
1983,processing,1983,0
1984,holding,1984,0
1985,holding,1985,0
1986,holding,1986,0
1987,holding,1987,0
1988,holding,1988,0
1989,processing,1989,0
1990,processing,1990,0
1991,processing,1991,0
1992,holding,1992,0
1993,processing,1993,0
1994,holding,1994,0
1995,processing,1995,0
1996,holding,1996,0
1997,processing,1997,0
1998,holding,1998,0
1999,holding,1999,0
2000,holding,2000,0
2001,processing,2001,0
2002,processing,2002,0
2003,holding,2003,0
2004,holding,2004,0
2005,holding,2005,0
2006,holding,2006,0
2007,holding,2007,0
2008,processing,2008,0
2009,processing,2009,0
2010,holding,2010,0
2011,holding,2011,0
2012,processing,2012,0
2013,processing,2013,0
2014,holding,2014,0
2015,holding,2015,0
2016,processing,2016,0
2017,processing,2017,0
2018,holding,2018,0
2019,holding,2019,0
2020,holding,2020,0
2021,holding,2021,0
2022,holding,2022,0
2023,processing,2023,0
2024,processing,2024,0
2025,processing,2025,0
2026,processing,2026,0
2027,holding,2027,0
2028,holding,2028,0
2029,processing,2029,0
2030,holding,2030,0
2031,holding,2031,0
2032,holding,2032,0
2033,holding,2033,0
2034,processing,2034,0
2035,processing,2035,0
2036,holding,2036,0
2037,processing,2037,0
2038,holding,2038,0
2039,holding,2039,0
2040,holding,2040,0
2041,processing,2041,0
2042,processing,2042,0
2043,holding,2043,0
2044,holding,2044,0
2045,processing,2045,0
2046,processing,2046,0
2047,holding,2047,0
2048,holding,2048,0
2049,holding,2049,0
2050,holding,2050,0
2051,processing,2051,0
2052,holding,2052,0
2053,processing,2053,0
2054,holding,2054,0
2055,processing,2055,0
2056,processing,2056,0
2057,holding,2057,0
2058,processing,2058,0
2059,holding,2059,0
2060,holding,2060,0
2061,holding,2061,0
2062,processing,2062,0
2063,holding,2063,0
2064,holding,2064,0
2065,processing,2065,0
2066,holding,2066,0
2067,processing,2067,0
2068,holding,2068,0
2069,processing,2069,0
2070,holding,2070,0
2071,holding,2071,0
2072,holding,2072,0
2073,holding,2073,0
2074,holding,2074,0
2075,processing,2075,0
2076,holding,2076,0
2077,holding,2077,0
2078,holding,2078,0
2079,holding,2079,0
2080,processing,2080,0
2081,processing,2081,0
2082,holding,2082,0
2083,holding,2083,0
2084,holding,2084,0
2085,processing,2085,0
2086,holding,2086,0
2087,processing,2087,0
2088,holding,2088,0
2089,holding,2089,0
2090,processing,2090,0
2091,holding,2091,0
2092,processing,2092,0
2093,holding,2093,0
2094,processing,2094,0
2095,holding,2095,0
2096,holding,2096,0
2097,holding,2097,0
2098,processing,2098,0
2099,holding,2099,0
2100,holding,2100,0
2101,holding,2101,0
2102,processing,2102,0
2103,processing,2103,0
2104,processing,2104,0
2105,processing,2105,0
2106,processing,2106,0
2107,holding,2107,0
2108,holding,2108,0
2109,holding,2109,0
2110,holding,2110,0
2111,holding,2111,0
2112,holding,2112,0
2113,holding,2113,0
2114,holding,2114,0
2115,processing,2115,0
2116,holding,2116,0
2117,processing,2117,0
2118,holding,2118,0
2119,processing,2119,0
2120,holding,2120,0
2121,processing,2121,0
2122,processing,2122,0
2123,holding,2123,0
2124,holding,2124,0
2125,holding,2125,0
2126,holding,2126,0
2127,holding,2127,0
2128,holding,2128,0
2129,processing,2129,0
2130,holding,2130,0
2131,processing,2131,0
2132,holding,2132,0
2133,holding,2133,0
2134,holding,2134,0
2135,processing,2135,0
2136,holding,2136,0
2137,processing,2137,0
2138,processing,2138,0
2139,holding,2139,0
2140,processing,2140,0
2141,holding,2141,0
2142,processing,2142,0
2143,holding,2143,0
2144,holding,2144,0
2145,holding,2145,0
2146,holding,2146,0
2147,processing,2147,0
2148,holding,2148,0
2149,holding,2149,0
2150,holding,2150,0
2151,holding,2151,0
2152,holding,2152,0
2153,holding,2153,0
2154,processing,2154,0
2155,processing,2155,0
2156,holding,2156,0
2157,processing,2157,0
2158,processing,2158,0
2159,processing,2159,0
2160,holding,2160,0
2161,processing,2161,0
2162,processing,2162,0
2163,holding,2163,0
2164,processing,2164,0
2165,holding,2165,0
2166,holding,2166,0
2167,holding,2167,0
2168,holding,2168,0
2169,holding,2169,0
2170,holding,2170,0
2171,processing,2171,0
2172,holding,2172,0
2173,holding,2173,0
2174,processing,2174,0
2175,holding,2175,0
2176,holding,2176,0
2177,holding,2177,0
2178,processing,2178,0
2179,holding,2179,0
2180,holding,2180,0
2181,processing,2181,0
2182,holding,2182,0
2183,holding,2183,0
2184,holding,2184,0
2185,processing,2185,0
2186,processing,2186,0
2187,processing,2187,0
2188,processing,2188,0
2189,holding,2189,0
2190,holding,2190,0
2191,holding,2191,0
2192,processing,2192,0
2193,holding,2193,0
2194,holding,2194,0
2195,holding,2195,0
2196,holding,2196,0
2197,processing,2197,0
2198,holding,2198,0
2199,processing,2199,0
2200,processing,2200,0
2201,holding,2201,0
2202,holding,2202,0
2203,holding,2203,0
2204,holding,2204,0
2205,holding,2205,0
2206,holding,2206,0
2207,holding,2207,0
2208,holding,2208,0
2209,processing,2209,0
2210,processing,2210,0
2211,holding,2211,0
2212,holding,2212,0
2213,holding,2213,0
2214,processing,2214,0
2215,holding,2215,0
2216,processing,2216,0
2217,holding,2217,0
2218,holding,2218,0
2219,holding,2219,0
2220,holding,2220,0
2221,holding,2221,0
2222,holding,2222,0
2223,processing,2223,0
2224,processing,2224,0
2225,processing,2225,0
2226,processing,2226,0
2227,holding,2227,0
2228,holding,2228,0
2229,holding,2229,0
2230,holding,2230,0
2231,processing,2231,0
2232,holding,2232,0
2233,holding,2233,0
2234,holding,2234,0
2235,processing,2235,0
2236,holding,2236,0
2237,holding,2237,0
2238,holding,2238,0
2239,processing,2239,0
2240,holding,2240,0
2241,processing,2241,0
2242,processing,2242,0
2243,holding,2243,0
2244,processing,2244,0
2245,holding,2245,0
2246,processing,2246,0
2247,holding,2247,0
2248,processing,2248,0
2249,holding,2249,0
2250,holding,2250,0
2251,processing,2251,0
2252,holding,2252,0
2253,holding,2253,0
2254,processing,2254,0
2255,processing,2255,0
2256,holding,2256,0
2257,processing,2257,0
2258,processing,2258,0
2259,holding,2259,0
2260,processing,2260,0
2261,processing,2261,0
2262,holding,2262,0
2263,holding,2263,0
2264,processing,2264,0
2265,processing,2265,0
2266,holding,2266,0
2267,holding,2267,0
2268,holding,2268,0
2269,holding,2269,0
2270,processing,2270,0
2271,holding,2271,0
2272,holding,2272,0
2273,holding,2273,0
2274,holding,2274,0
2275,holding,2275,0
2276,processing,2276,0
2277,processing,2277,0
2278,processing,2278,0
2279,holding,2279,0
2280,processing,2280,0
2281,holding,2281,0
2282,processing,2282,0
2283,holding,2283,0
2284,processing,2284,0
2285,processing,2285,0
2286,holding,2286,0
2287,processing,2287,0
2288,holding,2288,0
2289,processing,2289,0
2290,holding,2290,0
2291,processing,2291,0
2292,holding,2292,0
2293,holding,2293,0
2294,holding,2294,0
2295,processing,2295,0
2296,holding,2296,0
2297,processing,2297,0
2298,holding,2298,0
2299,holding,2299,0
2300,holding,2300,0
2301,holding,2301,0
2302,processing,2302,0
2303,processing,2303,0
2304,holding,2304,0
2305,processing,2305,0
2306,holding,2306,0
2307,processing,2307,0
2308,processing,2308,0
2309,holding,2309,0
2310,holding,2310,0
2311,holding,2311,0
2312,holding,2312,0
2313,processing,2313,0
2314,holding,2314,0
2315,processing,2315,0
2316,holding,2316,0
2317,holding,2317,0
2318,processing,2318,0
2319,holding,2319,0
2320,processing,2320,0
2321,holding,2321,0
2322,processing,2322,0
2323,processing,2323,0
2324,holding,2324,0
2325,holding,2325,0
2326,processing,2326,0
2327,holding,2327,0
2328,processing,2328,0
2329,processing,2329,0
2330,processing,2330,0
2331,processing,2331,0
2332,holding,2332,0
2333,holding,2333,0
2334,processing,2334,0
2335,processing,2335,0
2336,processing,2336,0
2337,processing,2337,0
2338,holding,2338,0
2339,processing,2339,0
2340,processing,2340,0
2341,holding,2341,0
2342,holding,2342,0
2343,processing,2343,0
2344,holding,2344,0
2345,processing,2345,0
2346,processing,2346,0
2347,holding,2347,0
2348,holding,2348,0
2349,holding,2349,0
2350,holding,2350,0
2351,holding,2351,0
2352,holding,2352,0
2353,holding,2353,0
2354,processing,2354,0
2355,holding,2355,0
2356,holding,2356,0
2357,processing,2357,0
2358,holding,2358,0
2359,holding,2359,0
2360,processing,2360,0
2361,processing,2361,0
2362,processing,2362,0
2363,processing,2363,0
2364,processing,2364,0
2365,holding,2365,0
2366,holding,2366,0
2367,holding,2367,0
2368,holding,2368,0
2369,processing,2369,0
2370,processing,2370,0
2371,holding,2371,0
2372,processing,2372,0
2373,holding,2373,0
2374,holding,2374,0
2375,processing,2375,0
2376,processing,2376,0
2377,holding,2377,0
2378,holding,2378,0
2379,processing,2379,0
2380,holding,2380,0
2381,processing,2381,0
2382,holding,2382,0
2383,processing,2383,0
2384,holding,2384,0
2385,processing,2385,0
2386,holding,2386,0
2387,holding,2387,0
2388,holding,2388,0
2389,holding,2389,0
2390,holding,2390,0
2391,processing,2391,0
2392,holding,2392,0
2393,processing,2393,0
2394,processing,2394,0
2395,processing,2395,0
2396,holding,2396,0
2397,processing,2397,0
2398,holding,2398,0
2399,holding,2399,0
2400,holding,2400,0
2401,processing,2401,0
2402,holding,2402,0
2403,holding,2403,0
2404,holding,2404,0
2405,processing,2405,0
2406,processing,2406,0
2407,processing,2407,0
2408,processing,2408,0
2409,holding,2409,0
2410,holding,2410,0
2411,processing,2411,0
2412,holding,2412,0
2413,holding,2413,0
2414,processing,2414,0
2415,holding,2415,0
2416,holding,2416,0
2417,processing,2417,0
2418,holding,2418,0
2419,holding,2419,0
2420,holding,2420,0
2421,processing,2421,0
2422,holding,2422,0
2423,holding,2423,0
2424,holding,2424,0
2425,holding,2425,0
2426,processing,2426,0
2427,processing,2427,0
2428,holding,2428,0
2429,processing,2429,0
2430,processing,2430,0
2431,holding,2431,0
2432,processing,2432,0
2433,holding,2433,0
2434,holding,2434,0
2435,holding,2435,0
2436,processing,2436,0
2437,processing,2437,0
2438,holding,2438,0
2439,holding,2439,0
2440,processing,2440,0
2441,processing,2441,0
2442,processing,2442,0
2443,holding,2443,0
2444,processing,2444,0
2445,processing,2445,0
2446,holding,2446,0
2447,processing,2447,0
2448,holding,2448,0
2449,holding,2449,0
2450,processing,2450,0
2451,holding,2451,0
2452,holding,2452,0
2453,processing,2453,0
2454,processing,2454,0
2455,holding,2455,0
2456,holding,2456,0
2457,processing,2457,0
2458,holding,2458,0
2459,processing,2459,0
2460,holding,2460,0
2461,processing,2461,0
2462,holding,2462,0
2463,processing,2463,0
2464,holding,2464,0
2465,processing,2465,0
2466,processing,2466,0
2467,holding,2467,0
2468,holding,2468,0
2469,holding,2469,0
2470,processing,2470,0
2471,holding,2471,0
2472,holding,2472,0
2473,holding,2473,0
2474,holding,2474,0
2475,holding,2475,0
2476,processing,2476,0
2477,holding,2477,0
2478,processing,2478,0
2479,holding,2479,0
2480,holding,2480,0
2481,processing,2481,0
2482,holding,2482,0
2483,holding,2483,0
2484,holding,2484,0
2485,holding,2485,0
2486,holding,2486,0
2487,holding,2487,0
2488,processing,2488,0
2489,holding,2489,0
2490,holding,2490,0
2491,processing,2491,0
2492,holding,2492,0
2493,processing,2493,0
2494,processing,2494,0
2495,holding,2495,0
2496,holding,2496,0
2497,holding,2497,0
2498,holding,2498,0
2499,processing,2499,0
2500,holding,2500,0
2501,holding,2501,0
2502,holding,2502,0
2503,holding,2503,0
2504,processing,2504,0
2505,processing,2505,0
2506,holding,2506,0
2507,processing,2507,0
2508,holding,2508,0
2509,holding,2509,0
2510,holding,2510,0
2511,processing,2511,0
2512,holding,2512,0
2513,holding,2513,0
2514,processing,2514,0
2515,holding,2515,0
2516,holding,2516,0
2517,holding,2517,0
2518,processing,2518,0
2519,holding,2519,0
2520,processing,2520,0
2521,holding,2521,0
2522,processing,2522,0
2523,holding,2523,0
2524,holding,2524,0
2525,holding,2525,0
2526,holding,2526,0
2527,processing,2527,0
2528,processing,2528,0
2529,holding,2529,0
2530,holding,2530,0
2531,processing,2531,0
2532,processing,2532,0
2533,processing,2533,0
2534,holding,2534,0
2535,holding,2535,0
2536,holding,2536,0
2537,holding,2537,0
2538,processing,2538,0
2539,holding,2539,0
2540,processing,2540,0
2541,processing,2541,0
2542,holding,2542,0
2543,processing,2543,0
2544,holding,2544,0
2545,processing,2545,0
2546,holding,2546,0
2547,holding,2547,0
2548,holding,2548,0
2549,processing,2549,0
2550,holding,2550,0
2551,holding,2551,0
2552,holding,2552,0
2553,holding,2553,0
2554,holding,2554,0
2555,holding,2555,0
2556,holding,2556,0
2557,processing,2557,0
2558,processing,2558,0
2559,processing,2559,0
